Part Number,Title,Price
PART_1_0,FORD,N/A
PART_1_1,PORSCHE,N/A
PART_1_2,BMW,N/A
PART_1_3,MERCEDES-BENZ,N/A
PART_1_4,HONDA,N/A
PART_1_5,NISSAN,N/A
PART_1_6,2023-2024 HONDA PILOT OEM FRONT RIGHT PASSENGER SIDE KNEE BAG 78950T90,$200.19
PART_1_7,2023-2024 HONDA PILOT RH REAR 2ND ROW RIGHT & LEFT SEAT ARMREST | BLACK W/ORANGE,$136.19
PART_1_8,2023-2024 HONDA PILOT OEM RH 3RD ROW RIGHT CENTER & LEFT HEADREST SET (3) |BLACK,$199.19
PART_1_9,2023-2024 HONDA PILOT OEM RH FRONT RIGHT FENDER PANEL | PLATINUM WHITE (NH833P),$399.99
PART_1_10,2023-2024 HONDA PILOT RH REAR RIGHT SIDE SPINDLE KNUCKLE WHEEL HUB ASSEMBLY *46K,$200.19
PART_1_11,2023-2024 HONDA PILOT LH REAR LEFT SIDE SPINDLE KNUCKLE WHEEL HUB ASSEMBLY *46K*,$200.19
ig-376406403008,2023-2025 KIA SPORTAGE FRONT RIGHT FENDER FLARE WHEEL ARCH MOLDING *SCRATCHES*,$194.55
ig-376424700012,2023 HONDA PILOT FRONT RECERTIFIED CATALYTIC CONVERTER U/HNX/CHHJ03A0172/0623,$220.19
ig-376424699975,2023 HONDA PILOT 3.5L REAR RECERTIFIED CATALYTIC CONVERTER U/HNX/C97CHHJ03B/0623,$220.19
ig-376424706097,2023-2024 HONDA PILOT OEM FRONT RIGHT PASSENGER SIDE KNEE BAG 78950T90,$200.19
ig-376421765024,2021 2022 2023 FORD F250 OEM COMMUNICATION SYNC CONTROL MODULE MC3T14G370ACA,$129.99
ig-376424703146,2023-2024 HONDA PILOT OEM REAR 2ND ROW LEFT DRIVER SIDE UPPER SEAT CUSHION BLACK,$190.19
ig-376423653682,2015-2024 INFINITI QX80 REAR RIGHT & LEFT 2ND ROW BUCKET SEAT HEADREST PAIR (G),$189.99
ig-376421099982,2021 - 2023 FORD EXPLORER OEM 3.0L 4X4 REAR DRIVE SHAFT PROPELLER *41K MILES*,$175.00
ig-375199658615,2023 HONDA PILOT OEM 20X8 5-OPEN SPOKE ALLOY WHEEL | GREY 42700T90A61,$203.51
ig-376424702120,2023-2024 HONDA PILOT REAR 2ND ROW LEFT DRIVER SIDE LOWER SEAT CUSHION | BLACK,$190.19
ig-376424705965,2023-2024 HONDA PILOT OEM RH 3RD ROW RIGHT CENTER & LEFT HEADREST SET (3) |BLACK,$199.19
ig-376423653615,2018-2021 RANGE ROVER L405 5.0L SUPERCHARGED ENGINE RIGHT CYLINDER HEAD *NOTE*,$499.99
ig-376424700451,2023-2024 HONDA PILOT OEM REAR 3RD ROW LOWER BENCH CUSHION | BLACK W/ ORANGE,$180.19
ig-376406598218,2023-2025 KIA SPORTAGE FRONT LEFT FENDER FLARE WHEEL ARCH MOLDING | BLACK *NOTE*,$194.55
ig-376392958424,2023 NISSAN FRONTIER D41 OEM FRONT TOW HOOK SET (2) | LAVA RED *7K MILES*,$289.19
ig-376424602417,2023 2024 2025 MAZDA CX-50 OEM RADIO CONTROL UNIT RECEIVER & AMPLIFIER MODULE,$189.90
ig-376424604261,2023-2025 MAZDA CX-50 FRONT LEFT DRIVER SIDE SEAT SRS AIRBAG BVC85FG02240E9A1B,$209.90
ig-376414699475,2018 2019 2020 FORD F150 OEM HEATED STEERING WHEEL W/ SYNC | CAMEL LEATHER,$240.02
ig-376389464728,2015 - 2020 CADILLAC ESCALADE OEM FRONT LEFT STRUT SHOCK W/ MAGNETIC RIDE,$310.00
ig-376242336937,2017-2019 MERCEDES E300 OEM 2.0L AWD INTAKE CAMSHAFT W/ SPROCKET ACTUATOR *84K*,$200.00
ig-376381536559,2021-2023 FORD F150 FRONT LEFT DRIVER SIDE INNER DOOR PANEL TRIM BLACK *SCRATCH*,$300.19
ig-376104068444,2022 - 2023 GMC SIERRA DENALI 1500 FRONT 13.4' DISPLAY W/ CLIMATE CONTROL *NOTE*,$429.99
ig-376398127170,2020-2023 JEEP GLADIATOR JT FRONT RIGHT SIDE BUMPER JOUNCE STOP BUMPER BRACKET,$129.05
ig-376424665099,2020 LINCOLN NAVIGATOR L OEM LEFT DRIVER SIDE SEAT MOTORS SET (5),$150.13
ig-376424603735,2023-2025 MAZDA CX-50 OEM FRONT RIGHT SIDE SEAT SRS AIRBAG AVC85FF02240E5H7I,$209.90
ig-376424703627,2023-2024 HONDA PILOT OEM FRONT RIGHT SIDE UPPER SEAT CUSHION | BLACK W/ ORANGE,$170.19
ig-376404230274,2024 MAZDA CX-5 OEM 19X7J 10 SPOKE SILVER WHEEL 9965367090,$255.05
ig-376392916852,2018 HONDA ODYSSEY OEM 3.5L ENGINE ECU ECM UNIT BCM KEY FOB SET 378205MRA25,$245.00
ig-376424601200,"2023-2025 MAZDA CX-50 OEM FRONT CENTER DASH DASHBOARD DISPLAY SCREEN UNIT 10""",$323.90
ig-376329585091,2022 - 2024 TOYOTA TUNDRA CENTER CONSOLE WIRELESS CHARGER WITH PAD 861C00C020,$200.00
ig-376349210683,2018-2024 JEEP WRANGLER JL 3.6L AUTOMATIC FRONT DRIVE SHAFT 210MM 8.27' OPT DJF,$199.99
ig-376152780440,2017 CHEVY SUBURBAN DRIVER HEATED STEERING WHEEL W/ MULTIFUNCTION CONTROLS BLACK,$225.02
ig-376206784747,2014-2021 TOYOTA TUNDRA OEM 5.7L POWER STEERING RACK & PINION ASSEMBLY 94K MILES,$250.02
ig-376360028110,2022 MERCEDES E450 SEDAN W213 OEM RADIO ANTENNE MODULE A2139004535,$190.19
ig-376424642218,2017-2025 MAZDA CX-5 STEERING COLUMN W/ MANUAL ADJUSTMENT ASSEMBLY KJK9-675S0-D,$249.05
ig-376367287265,2020-2023 MAZDA CX-30 2.5L NA AWD FRONT LEFT SUSPENSION SPRING STRUT ASSY *27K*,$199.99
ig-376381241674,2021-2024 TOYOTA SIENNA OEM JBL RADIO STEREO AUDIO AMPLIFIER 8628008070,$184.99
ig-376362405565,2024 LINCOLN CORSAIR OEM NAVIGATION GPS CONTROL MODULE UNIT PU5T14G670,$214.19
ig-376424642532,2017-2024 MAZDA CX-5 OEM CENTER CONSOLE ARMREST CATURRA BROWN (KJE) RH,$199.05
ig-376232518475,2015-2018 PORSCHE CAYENNE OEM FRONT UPPER CENTER DASH MOUNTER ANALOG CLOCK,$195.00
ig-376424642366,2024 MAZDA CX-5 OEM FRONT LEFT DRIVER SIDE LOWER CONTROL ARM LH,$155.05
ig-376421100062,2023 LEXUS RX350 OEM FRONT BUMPER UPPER REINFORCEMENT CRASH BAR,$175.00
ig-376211821298,2022-2024 RANGE ROVER L405 HYBRID FRONT LEFT STEERING WHEEL W/ HEAT | NAVY (N2V),$224.99
ig-376421766954,2017-2022 FORD F250 OEM FRONT RIGHT SEAT BELT RETRACTOR W/ PRETENSIONER | BLACK,$149.99
ig-376329466693,2018-2021 BMW X3 G01 OEM COMMUNICATION TELEMATICS CONTROL MODULE 1D5A3C235,$194.55
ig-376406390065,2021-2024 TOYOTA SIENNA OEM LH 2.5L FWD FRONT LEFT SPRING SUSPENSION STRUT *99K*,$174.99
ig-376406358699,2021 FORD F150 DRIVER ASSIST PEDESTRIAN ALERT SYSTEM CONTROL MODULE MU5T14G650,$200.02
ig-375755219102,2021-2023 FORD MUSTANG MACH-E OEM ELECTRONIC GEAR SHIFTER SWITCH NJ8P7P155,$140.00
ig-376349212864,2019-2024 JEEP WRANGLER JL FRONT AUTO TEMPERATURE CLIMATE CONTROL SWITCH W/RADIO,$199.99
ig-376395543215,2020-2024 JEEP GLADIATOR JT FRONT RIGHT SIDE FENDER FLARE BLACK (PX8) *SCRATCH*,$289.05
ig-376393023124,2021 2022 2023 GENESIS GV80 OEM FUEL PUMP CONTROL MODULE 33041T1000,$79.55
ig-376403903914,2019-2025 AUDI Q8 4MN OEM REAR RIGHT PASSENGER SIDE BLIND SPOT RADAR SENSOR,$99.19
ig-376424528081,2020 BMW M850i GRAN COUPE G16 OEM FRONT LEFT UPPER SEAT CUSHION W/O BAG | BLACK,$250.21
ig-376237479708,2018-2022 BMW X2 F39 OEM CENTER FRONT DASH 8.8' DISPLAY SCREEN 65505A3E573,$269.19
ig-375827924381,2019 - 2022 ACURA RDX OEM LEATHER STEERING WHEEL W/O HEATED OPTION *SCUFF*,$170.00
ig-376424448767,2020-2024 BMW M850i GRAN COUPE G16 OEM HUD HEADS UP DISPLAY ASSEMBLY 62306845411,$250.21
ig-376424605014,2023-2025 MAZDA CX-50 OEM FRONT LEFT SIDE LOWER SEAT CUSHION | BLACK W/BROWN VA6,$254.90
ig-375945334854,2022-2024 TOYOTA TUNDRA OEM LH FRONT LEFT DOOR PANEL TRIM,$220.00
ig-376381500522,2024 TOYOTA TACOMA N400 OEM COMPACT SPARE TIRE W/ STEEL RIM WHEEL,$140.19
ig-376389378751,2022-2024 NISSAN FRONTIER D41 LEFT SIDE STEERING WHEEL W/CRUISE CONTROL CHARCOAL,$180.19
ig-376242361924,2021 - 2023 FORD F150 OEM (B) 20X8.5 6 SPOKE CHROME WHEEL RIM *SCRATCHES*,$200.00
ig-376390962111,2024 TOYOTA TACOMA N400 OEM LEFT & RIGHT TRIM SET (2) | BLUE *SCRATCHED*,$150.13
ig-376424602605,2023 2024 2025 MAZDA CX-50 OEM REAR RIGHT DRIVER SIDE SRS AIRBAG LVA40EYC7D0N0,$179.90
ig-376424706011,2023-2024 HONDA PILOT RH REAR 2ND ROW RIGHT & LEFT SEAT ARMREST | BLACK W/ORANGE,$136.19
ig-376423736220,2020 BMW M850i GRAN COUPE G16 4.4L AWD HVAC A/C COMPRESSOR ASSEMBLY *53K MILES*,$120.21
ig-376381498417,2024 TOYOTA TACOMA N400 OEM FRONT LEFT DRIVER SIDE STEERING WHEEL | BLACK,$200.19
ig-376394847133,2019 AUDI Q8 4MN REAR RIGHT PASSENGER SIDE 40% SEAT LOWER CUSHION (AD) *STAINS*,$230.19
ig-376395550163,2020-2023 JEEP GLADIATOR JT OEM HEADLIGHT HEADLAMP CONTROL SWITCH P68146602AB,$109.05
ig-376395543883,2020 2021 2022 2023 JEEP GLADIATOR JT OEM GLOVE BOX STORAGE COMPARTMENT BLACK,$129.05
ig-376424595514,2023-2025 MAZDA CX-50 OEM FRONT LEFT & RIGHT WINDSHIELD COWL VENT PANEL SET (2),$188.90
ig-376424601861,2023 2024 2025 MAZDA CX-50 OEM REAR LEFT PASSENGER SIDE SRS AIRBAG LVA40EYD7D0AZ,$175.90
ig-376424627331,2023-2025 MAZDA CX-50 OEM FRONT RIGHT & LEFT SEAT HEADREST SET (2) | BLACK (VA6),$289.90
ig-376404571576,2021 2022 2023 FORD F150 OEM JUNCTION BOX BCM BODY CONTROL MODULE MU5T15604KABD,$150.02
ig-376349210683,2018-2024 JEEP WRANGLER JL 3.6L AUTOMATIC FRONT DRIVE SHAFT 210MM 8.27' OPT DJF,$199.99
ig-376424607207,2023-2025 MAZDA CX-50 FRONT LEFT SIDE QUARTER WHEEL ARCH FLARE MOLDING *SCRATCH*,$113.90
ig-376395543883,2020 2021 2022 2023 JEEP GLADIATOR JT OEM GLOVE BOX STORAGE COMPARTMENT BLACK,$129.05
ig-376424600668,2023-2025 MAZDA CX-50 OEM ENGINE POWERTRAIN COMPUTER CONTROL MODULE ECM ECU UNIT,$166.90
ig-376390962111,2024 TOYOTA TACOMA N400 OEM LEFT & RIGHT TRIM SET (2) | BLUE *SCRATCHED*,$150.13
ig-376424597892,2023-2025 MAZDA CX-50 OEM FRONT RIGHT SIDE DOOR ELECTRIC SUPPLY CONTROL MODULE,$120.90
ig-376390941697,2024 TOYOTA TACOMA N400 OEM 2.4L ENGINE BRAIN CONTROL MODULE UNIT BOX ECM ECU,$259.99
ig-376206784747,2014-2021 TOYOTA TUNDRA OEM 5.7L POWER STEERING RACK & PINION ASSEMBLY 94K MILES,$250.02
ig-376393035245,2020-2024 MERCEDES GLE350 V167 OEM LEFT DRIVER SIDE RUNNING BOARD *BROKEN TAB*,$399.99
ig-376242336937,2017-2019 MERCEDES E300 OEM 2.0L AWD INTAKE CAMSHAFT W/ SPROCKET ACTUATOR *84K*,$200.00
ig-376424641838,2024 MAZDA CX-5 OEM ENGINE CONTROL ECU MODULE PYFL18881,$99.05
ig-375827924381,2019 - 2022 ACURA RDX OEM LEATHER STEERING WHEEL W/O HEATED OPTION *SCUFF*,$170.00
ig-376395543215,2020-2024 JEEP GLADIATOR JT FRONT RIGHT SIDE FENDER FLARE BLACK (PX8) *SCRATCH*,$289.05
ig-376421771646,2021-2022 FORD F250 FRONT DASH RADIO & CLIMATE CONTROL W/AUTO TEMP & 8.0' SCREEN,$249.99
ig-376242361924,2021 - 2023 FORD F150 OEM (B) 20X8.5 6 SPOKE CHROME WHEEL RIM *SCRATCHES*,$200.00
ig-376395429260,2024 MAZDA CX-5 OEM RADIO AUDIO AMPLIFIER MODULE KDVA66A20B,$359.05
ig-376293090837,2020-2024 JEEP GLADIATOR JT 3.6L 4X4 240 AMP ALTERNATOR *92K MILES* 56029803AA,$140.19
ig-376424530415,2019-2020 BMW M850i GRAN COUPE G16 4.4L AWD REAR LEFT UPPER CONTROL ARM REARWARD,$115.21
ig-376237479708,2018-2022 BMW X2 F39 OEM CENTER FRONT DASH 8.8' DISPLAY SCREEN 65505A3E573,$269.19
ig-376395550668,2020-2024 JEEP GLADIATOR JT OEM CENTER TRIM PANEL ASSEMBLY W/ SWITCHES & OUTLETS,$229.05
ig-376349212864,2019-2024 JEEP WRANGLER JL FRONT AUTO TEMPERATURE CLIMATE CONTROL SWITCH W/RADIO,$199.99
ig-376411536278,2018-2024 LINCOLN NAVIGATOR OEM 3.5L TURBOCHARGER AIR INTERCOOLER *44K MILES*,$160.02
ig-376313698953,2017-2019 AUDI Q7 4M OEM CENTER CONSOLE RADIO NAVIGATION TOUCH PAD SWITCH PANEL,$295.55
ig-376360028110,2022 MERCEDES E450 SEDAN W213 OEM RADIO ANTENNE MODULE A2139004535,$190.19
ig-376381498417,2024 TOYOTA TACOMA N400 OEM FRONT LEFT DRIVER SIDE STEERING WHEEL | BLACK,$200.19
ig-376421764632,2017-2022 FORD F250 OEM FRONT RIGHT PASSENGER SIDE DASHBOARD SRS AIR BAG,$244.99
ig-376381493225,2024 TOYOTA TACOMA N400 OEM FRONT WINDSHIELD MOUNTED CAMERA 8646C04060,$255.19
ig-376381500522,2024 TOYOTA TACOMA N400 OEM COMPACT SPARE TIRE W/ STEEL RIM WHEEL,$140.19
ig-376262641710,2013-2020 LEXUS GS350 OEM 3.5L AWD FRONT LEFT SUSPENSION STRUT *49K MILES*,$240.00
ig-376362405565,2024 LINCOLN CORSAIR OEM NAVIGATION GPS CONTROL MODULE UNIT PU5T14G670,$214.19
ig-376424599360,2023-2025 MAZDA CX-50 OEM FUEL TANK FILLER DOOR LID CAP COVER | MACHINE GRAY 46G,$108.90
ig-376395550163,2020-2023 JEEP GLADIATOR JT OEM HEADLIGHT HEADLAMP CONTROL SWITCH P68146602AB,$109.05
ig-376421282591,2022-2023 MITSUBISHI OUTLANDER OEM LH FRONT LEFT DRIVER SIDE DOOR PANEL | BLACK,$249.89
ig-375755219102,2021-2023 FORD MUSTANG MACH-E OEM ELECTRONIC GEAR SHIFTER SWITCH NJ8P7P155,$140.00
ig-376362481926,2023-2025 KIA SPORTAGE CENTER CONSOLE WIRELESS PHONE CHARGER W/ USB-C & OUTLET,$184.55
ig-375988740393,2018-2022 RANGE ROVER L405 FRONT & REAR DOOR SILL STEP PLATE SET (4) *SCUFFED*,$130.00
ig-376424528408,2020 BMW M850i GRAN COUPE G16 FRONT LEFT BLIND SPOT RADAR SENSOR CONTROL MODULE,$90.21
ig-376367285140,2020-2023 MAZDA CX-30 OEM RH 2.5L AWD FRONT RIGHT LOWER CONTROL ARM *78K* *RUST*,$144.99
ig-376301549560,2022-2023 MAZDA CX-30 OEM BCM BODY CONTROL MODULE BDTS67560,$200.02
ig-376360027029,2022 MERCEDES E450 SEDAN W213 OEM BATTERY CHARGER W/ TRICKLE CHARGE A0009822921,$85.19
ig-376389378751,2022-2024 NISSAN FRONTIER D41 LEFT SIDE STEERING WHEEL W/CRUISE CONTROL CHARCOAL,$180.19
ig-376292747768,2020 - 2024 AUDI Q7 4M OEM 3.0L AWD FRONT RIGHT PASSENGER INTERCOOLER *29K MILES,$199.69
ig-376404116915,2021-2025 MERCEDES S580 W223 OEM FRONT MULTIPURPOSE CAMERA A0009056312,$95.96
ig-376413988519,2018 MERCEDES GLS CLASS X166 FRONT RIGHT LOWER SEAT CUSHION | BROWN DESIGNO (954,$120.00
ig-376421282885,2022-2023 MITSUBISHI OUTLANDER OEM FRONT RIGHT PASSENGER SIDE DOOR PANEL | BLACK,$249.89
ig-376421769934,2021 FORD F250 OEM STEERING COLUMN COLLAPISIBLE IGNITOR LC3T14A313,$199.89
ig-376330559554,2025 MAZDA CX-70 OEM 19X8 5 TRI-SPOKE WHEEL RIM 9965038590 *CURB RASH*,$220.02
ig-376421100062,2023 LEXUS RX350 OEM FRONT BUMPER UPPER REINFORCEMENT CRASH BAR,$175.00
ig-376395712548,2021-2022 FORD F150 OEM COMMUNICATION SYNC CONTROL MODULE MU5T14G670PNN,$240.02
ig-376423732507,2020 BMW M850i GRAN COUPE G16 OEM LH FRONT LEFT DRIVER SEAT AIRBAG SRS 745148709,$270.21
ig-376421217560,2021 2022 2023 2024 GENESIS GV80 OEM DC TO AC POWER INVERTER (115V) 95250T6100,$145.23
ig-376383182505,2020-2023 MAZDA CX-30 8 SPEAKER SYSTEM RADIO STEREO AUDIO AMPLIFIER BDTS66A20D,$299.99
ig-376177622554,2021 2022 2023 NISSAN ARMADA OEM FRONT LEFT SPEEDOMETER CLUSTER MPH *61K MILES*,$349.99
ig-376367263085,2021 2022 2023 MAZDA CX-30 OEM LH 2.5L AWD FRONT LEFT CV AXLE SHAFT *27K MILES*,$144.99
ig-376392916852,2018 HONDA ODYSSEY OEM 3.5L ENGINE ECU ECM UNIT BCM KEY FOB SET 378205MRA25,$245.00
ig-376406632599,2022-2024 TOYOTA TUNDRA 3.4L AUTO TRANSMISSION 4X4 THEFT-LOCKING CONTROL MODULE,$135.02
ig-376047583402,2022-2024 TOYOTA TUNDRA FRONT CONSOLE REAR STORAGE W/WIRE HARNESS &OUTLET MODULE,$125.02
ig-376423732776,2020 BMW M850i GRAN COUPE G16 OEM FRONT RIGHT DRIVER SEAT AIRBAG SRS 745148809,$270.21
ig-376406674927,2021-2024 NISSAN ARMADA LH FRONT LEFT SEAT HEADREST W/ DISPLAY SCREEN |BROWN (X),$249.99
ig-376412107120,2022-2024 MAZDA CX-5 OEM REAR CENTER SEAT ARMREST & CUP HOLDER CATURRA BROWN KJE,$299.05
ig-376423875091,2017 RANGE ROVER SPORT L494 FRONT RIGHT FORWARD &REARWARD INNER FENDER LINER (2),$130.02
ig-376409529623,2021 FORD F150 3.5L 4X4 RECERTIFIED CATALYTIC CONVERTER U/FMX/ML345F297GB/0621,$384.19
ig-376390961986,2024 TOYOTA TACOMA N400 OEM FRONT GRILLE MOUNTED CRUISE CONTROL DISTANCE SENSOR,$99.99
ig-376397563194,2022-2024 ACURA MDX OEM AIR SRS BAG DIAGNOSTIC CONTROL MODULE 77960TYAA05 *NOTE*,$125.02
ig-376391025599,2021-2024 GENESIS GV80 OEM AUTOMATIC TRANSMISSION SHIFT LEVER GEAR SELECTOR,$149.55
ig-376280941564,2023 FISKER OCEAN OEM DC CONVERTER INVERTER 600W FM291586001H,$224.99
ig-376394847133,2019 AUDI Q8 4MN REAR RIGHT PASSENGER SIDE 40% SEAT LOWER CUSHION (AD) *STAINS*,$230.19
ig-376421215558,2021 GENESIS GV80 OEM REAR RIGHT 2ND ROW SEAT SRS AIR BAG,$245.23
ig-376290582620,2018 PORSCHE PANAMERA TURBO 971 HARMAN RADIO STEREO AUDIO RECEIVER 971035880P,$364.99
ig-376424597003,2023 20244 2025 MAZDA CX-50 OEM FUEL GAS PUMP CONTROL MODULE UNIT PX4P18561,$89.90
ig-375988839611,2019-2023 AUDI Q8 4MN HVAC TEMPERATURE CLIMATE CONTROL DISPLAY SCREEN 4N0919603M,$220.00
ig-376403903955,2020-2023 TOYOTA TACOMA N300 TRD PRO PARKING ASSIST COMPUTER MODULE 8679235030,$300.02
ig-376411536667,2015 - 2023 NISSAN MURANO OEM INTERIOR REAR VIEW MIRROR W/ HOMELINK,$35.00
ig-376424450936,2020 BMW M850i GRAN COUPE G16 OEM REAR LEFT BLIND SPOT RADAR SENSOR 66325A0CDA7,$230.21
ig-376423733657,2019-2020 BMW M850i GRAN COUPE G16 OEM FRONT LEFT SIDE BREMBO BRAKE CALIPER *53K,$410.21
ig-376421216751,2021-2024 GENESIS GV80 CENTER CONSOLE ARMREST STORAGE LID W/VENT |BEIGE *BROKEN*,$190.23
ig-376414321658,2022-2024 MITSUBISHI OUTLANDER LEATHER STEERING WHEEL LEATHER W/O HEAT *SCRATCH*,$149.89
ig-376388685816,2017 - 2023 HONDA RIDGELINE OEM LEFT REAR BED LINER COVER PANEL *SCRATCHES*,$250.00
ig-376421349207,2024 TOYOTA TACOMA N400 2.4L 4X4 REAR RIGHT LEFT UPPER & LOWER CONTROL ARM SET 4,$200.13
ig-376421282885,2022-2023 MITSUBISHI OUTLANDER OEM FRONT RIGHT PASSENGER SIDE DOOR PANEL | BLACK,$249.89
ig-374939735152,2015 - 2019 LEXUS RC-F 5.0L LEFT CYLINDER HEAD ASSEMBLY *47K MILES* *NO CAMS*,$255.00
ig-376393596102,2014-2017 RANGE ROVER L405 OEM REAR RIGHT LED TAIL LIGHT LAMP ASSEMBLY *SCUFFS*,$425.66
